BEGIN TRANSACTION;
CREATE TABLE TBL_ALARM_HISTORY(alarm_id integer, alarm_start_time timestamp, alarm_end_time timestamp);
CREATE TABLE TBL_ALARM_LIST(alarm_id integer, alarm_description text,unique(alarm_id));
INSERT INTO TBL_ALARM_LIST VALUES(1,'1st external power input');
INSERT INTO TBL_ALARM_LIST VALUES(2,'2nd external power input');
INSERT INTO TBL_ALARM_LIST VALUES(3,'internal power input');
INSERT INTO TBL_ALARM_LIST VALUES(4,'#1 GPS input');
INSERT INTO TBL_ALARM_LIST VALUES(5,'#1 BD input');
INSERT INTO TBL_ALARM_LIST VALUES(6,'1# GPS receiver');
INSERT INTO TBL_ALARM_LIST VALUES(7,'1# BD receiver');
INSERT INTO TBL_ALARM_LIST VALUES(8,'1# GPS antenna');
INSERT INTO TBL_ALARM_LIST VALUES(9,'1# BD antenna');
INSERT INTO TBL_ALARM_LIST VALUES(10,'1# 2MHz input');
INSERT INTO TBL_ALARM_LIST VALUES(11,'1# 2Mbit/s input');
INSERT INTO TBL_ALARM_LIST VALUES(12,'1# 1st IRIGB input');
INSERT INTO TBL_ALARM_LIST VALUES(13,'1# 2nd IRIGB input');
INSERT INTO TBL_ALARM_LIST VALUES(14,'1# 2Mbit/s BPV');
INSERT INTO TBL_ALARM_LIST VALUES(15,'1# 2Mbit/s AIS');
INSERT INTO TBL_ALARM_LIST VALUES(16,'1# 2Mbit/s CRC');
INSERT INTO TBL_ALARM_LIST VALUES(17,'1# 2Mbit/s SYNC');
INSERT INTO TBL_ALARM_LIST VALUES(18,'2# GPS input');
INSERT INTO TBL_ALARM_LIST VALUES(19,'2# BD input');
INSERT INTO TBL_ALARM_LIST VALUES(20,'2# GPS receiver');
INSERT INTO TBL_ALARM_LIST VALUES(21,'2# BD receiver');
INSERT INTO TBL_ALARM_LIST VALUES(22,'2# GPS antenna');
INSERT INTO TBL_ALARM_LIST VALUES(23,'2# BD antenna');
INSERT INTO TBL_ALARM_LIST VALUES(24,'2# 2MHz input');
INSERT INTO TBL_ALARM_LIST VALUES(25,'2# 2Mbit/s input');
INSERT INTO TBL_ALARM_LIST VALUES(26,'2# 1st IRIGB input');
INSERT INTO TBL_ALARM_LIST VALUES(27,'2# 2nd IRIGB input');
INSERT INTO TBL_ALARM_LIST VALUES(28,'2# 2Mbit/s BPV');
INSERT INTO TBL_ALARM_LIST VALUES(29,'2# 2Mbit/s AIS');
INSERT INTO TBL_ALARM_LIST VALUES(30,'2# 2Mbit/s CRC');
INSERT INTO TBL_ALARM_LIST VALUES(31,'2# 2Mbit/s SYNC');
INSERT INTO TBL_ALARM_LIST VALUES(32,'time hopping');
INSERT INTO TBL_ALARM_LIST VALUES(33,'initialization');
INSERT INTO TBL_ALARM_LIST VALUES(34,'XO SYNC');
INSERT INTO TBL_ALARM_LIST VALUES(35,'RB SYNC');
CREATE TABLE TBL_ALARM_SELECT(o_port integer, alarm_id integer, unique(o_port));
INSERT INTO TBL_ALARM_SELECT VALUES(1,1);
INSERT INTO TBL_ALARM_SELECT VALUES(2,2);
INSERT INTO TBL_ALARM_SELECT VALUES(3,3);
INSERT INTO TBL_ALARM_SELECT VALUES(4,4);
INSERT INTO TBL_ALARM_SELECT VALUES(5,5);
INSERT INTO TBL_ALARM_SELECT VALUES(6,18);
INSERT INTO TBL_ALARM_SELECT VALUES(7,19);
INSERT INTO TBL_ALARM_SELECT VALUES(8,32);
CREATE TABLE TBL_ALARM_SHIELD(alarm_id integer, alarm_shield_state text, unique(alarm_id));
INSERT INTO TBL_ALARM_SHIELD VALUES(1,0);
INSERT INTO TBL_ALARM_SHIELD VALUES(2,0);
INSERT INTO TBL_ALARM_SHIELD VALUES(3,0);
INSERT INTO TBL_ALARM_SHIELD VALUES(4,0);
INSERT INTO TBL_ALARM_SHIELD VALUES(5,0);
INSERT INTO TBL_ALARM_SHIELD VALUES(6,0);
INSERT INTO TBL_ALARM_SHIELD VALUES(7,0);
INSERT INTO TBL_ALARM_SHIELD VALUES(8,0);
INSERT INTO TBL_ALARM_SHIELD VALUES(9,0);
INSERT INTO TBL_ALARM_SHIELD VALUES(10,0);
INSERT INTO TBL_ALARM_SHIELD VALUES(11,0);
INSERT INTO TBL_ALARM_SHIELD VALUES(12,0);
INSERT INTO TBL_ALARM_SHIELD VALUES(13,0);
INSERT INTO TBL_ALARM_SHIELD VALUES(14,0);
INSERT INTO TBL_ALARM_SHIELD VALUES(15,0);
INSERT INTO TBL_ALARM_SHIELD VALUES(16,0);
INSERT INTO TBL_ALARM_SHIELD VALUES(17,0);
INSERT INTO TBL_ALARM_SHIELD VALUES(18,0);
INSERT INTO TBL_ALARM_SHIELD VALUES(19,0);
INSERT INTO TBL_ALARM_SHIELD VALUES(20,0);
INSERT INTO TBL_ALARM_SHIELD VALUES(21,0);
INSERT INTO TBL_ALARM_SHIELD VALUES(22,0);
INSERT INTO TBL_ALARM_SHIELD VALUES(23,0);
INSERT INTO TBL_ALARM_SHIELD VALUES(24,0);
INSERT INTO TBL_ALARM_SHIELD VALUES(25,0);
INSERT INTO TBL_ALARM_SHIELD VALUES(26,0);
INSERT INTO TBL_ALARM_SHIELD VALUES(27,0);
INSERT INTO TBL_ALARM_SHIELD VALUES(28,0);
INSERT INTO TBL_ALARM_SHIELD VALUES(29,0);
INSERT INTO TBL_ALARM_SHIELD VALUES(30,0);
INSERT INTO TBL_ALARM_SHIELD VALUES(31,0);
INSERT INTO TBL_ALARM_SHIELD VALUES(32,0);
INSERT INTO TBL_ALARM_SHIELD VALUES(33,0);
INSERT INTO TBL_ALARM_SHIELD VALUES(34,0);
INSERT INTO TBL_ALARM_SHIELD VALUES(35,0);
CREATE TABLE TBL_IO_DEFAULT(io_bid integer, io_port integer, i_sysmode text, i_elevation text, i_latitude text, i_longitude text, i_ssm text, i_sa text, i_prio text, i_port1_delay integer, i_port2_delay integer, i_port3_delay integer, i_port4_delay integer, i_port5_delay integer, o_delay integer, o_signaltype text, o_delaytype text, o_multicast text, o_layer text, o_step text, o_sync text, o_announce text, o_delay_req text, o_pdelay_req text, o_ip text, o_mac text, o_mask text, o_gateway text, o_dns1 text, o_dns2 text, o_mode text, o_slave_ip text);
INSERT INTO TBL_IO_DEFAULT VALUES(1,1,NULL,NULL,NULL,NULL,NULL,NULL,NULL,NULL,NULL,NULL,NULL,NULL,NULL,NULL,NULL,NULL,NULL,NULL,NULL,NULL,NULL,NULL,NULL,NULL,NULL,NULL,NULL,NULL,NULL,NULL);
INSERT INTO TBL_IO_DEFAULT VALUES(2,1,NULL,NULL,NULL,NULL,NULL,NULL,NULL,NULL,NULL,NULL,NULL,NULL,NULL,NULL,NULL,NULL,NULL,NULL,NULL,NULL,NULL,NULL,NULL,NULL,NULL,NULL,NULL,NULL,NULL,NULL);
INSERT INTO TBL_IO_DEFAULT VALUES(3,1,NULL,NULL,NULL,NULL,NULL,NULL,NULL,NULL,NULL,NULL,NULL,NULL,0,6,NULL,NULL,NULL,NULL,NULL,NULL,NULL,NULL,NULL,NULL,NULL,NULL,NULL,NULL,NULL,NULL);
INSERT INTO TBL_IO_DEFAULT VALUES(4,1,NULL,NULL,NULL,NULL,NULL,NULL,NULL,NULL,NULL,NULL,NULL,NULL,0,8,NULL,NULL,NULL,NULL,NULL,NULL,NULL,NULL,NULL,NULL,NULL,NULL,NULL,NULL,NULL,NULL);
INSERT INTO TBL_IO_DEFAULT VALUES(5,1,NULL,NULL,NULL,NULL,NULL,NULL,NULL,NULL,NULL,NULL,NULL,NULL,0,5,NULL,NULL,NULL,NULL,NULL,NULL,NULL,NULL,NULL,NULL,NULL,NULL,NULL,NULL,NULL,NULL);
INSERT INTO TBL_IO_DEFAULT VALUES(6,1,NULL,NULL,NULL,NULL,NULL,NULL,NULL,NULL,NULL,NULL,NULL,NULL,0,5,NULL,NULL,NULL,NULL,NULL,NULL,NULL,NULL,NULL,NULL,NULL,NULL,NULL,NULL,NULL,NULL);
INSERT INTO TBL_IO_DEFAULT VALUES(7,1,NULL,NULL,NULL,NULL,NULL,NULL,NULL,NULL,NULL,NULL,NULL,NULL,0,8,NULL,NULL,NULL,NULL,NULL,NULL,NULL,NULL,NULL,NULL,NULL,NULL,NULL,NULL,NULL,NULL);
INSERT INTO TBL_IO_DEFAULT VALUES(8,1,NULL,NULL,NULL,NULL,NULL,NULL,NULL,NULL,NULL,NULL,NULL,NULL,0,5,NULL,NULL,NULL,NULL,NULL,NULL,NULL,NULL,NULL,NULL,NULL,NULL,NULL,NULL,NULL,NULL);
INSERT INTO TBL_IO_DEFAULT VALUES(9,1,NULL,NULL,NULL,NULL,NULL,NULL,NULL,NULL,NULL,NULL,NULL,NULL,0,8,NULL,NULL,NULL,NULL,NULL,NULL,NULL,NULL,NULL,NULL,NULL,NULL,NULL,NULL,NULL,NULL);
INSERT INTO TBL_IO_DEFAULT VALUES(10,1,NULL,NULL,NULL,NULL,NULL,NULL,NULL,NULL,NULL,NULL,NULL,NULL,0,8,NULL,NULL,NULL,NULL,NULL,NULL,NULL,NULL,NULL,NULL,NULL,NULL,NULL,NULL,NULL,NULL);
INSERT INTO TBL_IO_DEFAULT VALUES(11,1,NULL,NULL,NULL,NULL,NULL,NULL,NULL,NULL,NULL,NULL,NULL,NULL,0,8,NULL,NULL,NULL,NULL,NULL,NULL,NULL,NULL,NULL,NULL,NULL,NULL,NULL,NULL,NULL,NULL);
INSERT INTO TBL_IO_DEFAULT VALUES(12,1,NULL,NULL,NULL,NULL,NULL,NULL,NULL,NULL,NULL,NULL,NULL,NULL,0,2,1,1,0,0,8,8,8,8,'192.168.10.20','00:0c:29:61:e3:ab','255.255.0.0','192.168.10.1','61.139.2.69','61.139.2.69',0,NULL);
INSERT INTO TBL_IO_DEFAULT VALUES(13,1,NULL,NULL,NULL,NULL,NULL,NULL,NULL,NULL,NULL,NULL,NULL,NULL,0,2,1,1,0,0,8,8,8,8,'192.168.10.20','00:0c:29:61:e3:ab','255.255.0.0','192.168.10.1','61.139.2.69','61.139.2.69',0,NULL);
INSERT INTO TBL_IO_DEFAULT VALUES(14,1,NULL,NULL,NULL,NULL,NULL,NULL,NULL,NULL,NULL,NULL,NULL,NULL,0,4,NULL,NULL,NULL,NULL,NULL,NULL,NULL,NULL,NULL,NULL,NULL,NULL,NULL,NULL,NULL,NULL);
INSERT INTO TBL_IO_DEFAULT VALUES(15,1,NULL,NULL,NULL,NULL,NULL,NULL,NULL,NULL,NULL,NULL,NULL,NULL,0,3,NULL,NULL,NULL,NULL,NULL,NULL,NULL,NULL,NULL,NULL,NULL,NULL,NULL,NULL,NULL,NULL);
INSERT INTO TBL_IO_DEFAULT VALUES(60,1,1,500.2,'N3032.49928','E10403.16412',2,'SA4',99999,0,0,0,0,0,NULL,NULL,NULL,NULL,NULL,NULL,NULL,NULL,NULL,NULL,NULL,NULL,NULL,NULL,NULL,NULL,NULL,NULL);
INSERT INTO TBL_IO_DEFAULT VALUES(61,1,1,500.2,'N3032.49928','E10403.16412',2,'SA4',99999,0,0,0,0,0,NULL,NULL,NULL,NULL,NULL,NULL,NULL,NULL,NULL,NULL,NULL,NULL,NULL,NULL,NULL,NULL,NULL,NULL);
INSERT INTO TBL_IO_DEFAULT VALUES(62,1,3,500.2,'N3032.49928','E10403.16412',2,'SA4',99999,0,0,0,0,0,NULL,NULL,NULL,NULL,NULL,NULL,NULL,NULL,NULL,NULL,NULL,NULL,NULL,NULL,NULL,NULL,NULL,NULL);
INSERT INTO TBL_IO_DEFAULT VALUES(63,1,3,500.2,'N3032.49928','E10403.16412',2,'SA4',99999,0,0,0,0,0,NULL,NULL,NULL,NULL,NULL,NULL,NULL,NULL,NULL,NULL,NULL,NULL,NULL,NULL,NULL,NULL,NULL,NULL);
INSERT INTO TBL_IO_DEFAULT VALUES(64,1,2,500.2,'N3032.49928','E10403.16412',2,'SA4',99999,0,0,0,0,0,NULL,NULL,NULL,NULL,NULL,NULL,NULL,NULL,NULL,NULL,NULL,NULL,NULL,NULL,NULL,NULL,NULL,NULL);
INSERT INTO TBL_IO_DEFAULT VALUES(65,1,2,500.2,'N3032.49928','E10403.16412',2,'SA4',99999,0,0,0,0,0,NULL,NULL,NULL,NULL,NULL,NULL,NULL,NULL,NULL,NULL,NULL,NULL,NULL,NULL,NULL,NULL,NULL,NULL);
INSERT INTO TBL_IO_DEFAULT VALUES(66,1,NULL,NULL,NULL,NULL,NULL,NULL,'---99',0,0,0,0,0,NULL,NULL,NULL,NULL,NULL,NULL,NULL,NULL,NULL,NULL,NULL,NULL,NULL,NULL,NULL,NULL,NULL,NULL);
INSERT INTO TBL_IO_DEFAULT VALUES(67,1,NULL,NULL,NULL,NULL,NULL,NULL,'---99',0,0,0,0,0,NULL,NULL,NULL,NULL,NULL,NULL,NULL,NULL,NULL,NULL,NULL,NULL,NULL,NULL,NULL,NULL,NULL,NULL);
INSERT INTO TBL_IO_DEFAULT VALUES(68,1,NULL,NULL,NULL,NULL,2,'SA4',-9999,0,0,0,0,0,NULL,NULL,NULL,NULL,NULL,NULL,NULL,NULL,NULL,NULL,NULL,NULL,NULL,NULL,NULL,NULL,NULL,NULL);
INSERT INTO TBL_IO_DEFAULT VALUES(69,1,NULL,NULL,NULL,NULL,2,'SA4',-9999,0,0,0,0,0,NULL,NULL,NULL,NULL,NULL,NULL,NULL,NULL,NULL,NULL,NULL,NULL,NULL,NULL,NULL,NULL,NULL,NULL);
CREATE TABLE TBL_IO_RUNTIME(io_slot integer, io_bid integer, io_port integer, i_sysmode text, i_elevation text, i_latitude text, i_longitude text, i_ssm text, i_sa text, i_prio text, i_port1_delay integer, i_port2_delay integer, i_port3_delay integer, i_port4_delay integer, i_port5_delay integer, o_delay integer, o_signaltype text, o_delaytype text, o_multicast text, o_layer text, o_step text, o_sync text, o_announce text, o_delay_req text, o_pdelay_req text, o_ip text, o_mac text, o_mask text, o_gateway text, o_dns1 text, o_dns2 text, o_mode text, o_slave_ip text);
INSERT INTO TBL_IO_RUNTIME VALUES(1,0,1,NULL,NULL,NULL,NULL,NULL,NULL,NULL,NULL,NULL,NULL,NULL,NULL,NULL,NULL,NULL,NULL,NULL,NULL,NULL,NULL,NULL,NULL,NULL,NULL,NULL,NULL,NULL,NULL,NULL,NULL);
INSERT INTO TBL_IO_RUNTIME VALUES(2,0,1,NULL,NULL,NULL,NULL,NULL,NULL,NULL,NULL,NULL,NULL,NULL,NULL,NULL,NULL,NULL,NULL,NULL,NULL,NULL,NULL,NULL,NULL,NULL,NULL,NULL,NULL,NULL,NULL,NULL,NULL);
INSERT INTO TBL_IO_RUNTIME VALUES(3,0,1,NULL,NULL,NULL,NULL,NULL,NULL,NULL,NULL,NULL,NULL,NULL,NULL,NULL,NULL,NULL,NULL,NULL,NULL,NULL,NULL,NULL,NULL,NULL,NULL,NULL,NULL,NULL,NULL,NULL,NULL);
INSERT INTO TBL_IO_RUNTIME VALUES(4,0,1,NULL,NULL,NULL,NULL,NULL,NULL,NULL,NULL,NULL,NULL,NULL,NULL,NULL,NULL,NULL,NULL,NULL,NULL,NULL,NULL,NULL,NULL,NULL,NULL,NULL,NULL,NULL,NULL,NULL,NULL);
INSERT INTO TBL_IO_RUNTIME VALUES(5,0,1,NULL,NULL,NULL,NULL,NULL,NULL,NULL,NULL,NULL,NULL,NULL,NULL,NULL,NULL,NULL,NULL,NULL,NULL,NULL,NULL,NULL,NULL,NULL,NULL,NULL,NULL,NULL,NULL,NULL,NULL);
INSERT INTO TBL_IO_RUNTIME VALUES(6,0,1,NULL,NULL,NULL,NULL,NULL,NULL,NULL,NULL,NULL,NULL,NULL,NULL,NULL,NULL,NULL,NULL,NULL,NULL,NULL,NULL,NULL,NULL,NULL,NULL,NULL,NULL,NULL,NULL,NULL,NULL);
INSERT INTO TBL_IO_RUNTIME VALUES(7,0,1,NULL,NULL,NULL,NULL,NULL,NULL,NULL,NULL,NULL,NULL,NULL,NULL,NULL,NULL,NULL,NULL,NULL,NULL,NULL,NULL,NULL,NULL,NULL,NULL,NULL,NULL,NULL,NULL,NULL,NULL);
INSERT INTO TBL_IO_RUNTIME VALUES(8,0,1,NULL,NULL,NULL,NULL,NULL,NULL,NULL,NULL,NULL,NULL,NULL,NULL,NULL,NULL,NULL,NULL,NULL,NULL,NULL,NULL,NULL,NULL,NULL,NULL,NULL,NULL,NULL,NULL,NULL,NULL);
INSERT INTO TBL_IO_RUNTIME VALUES(9,0,1,NULL,NULL,NULL,NULL,NULL,NULL,NULL,NULL,NULL,NULL,NULL,NULL,NULL,NULL,NULL,NULL,NULL,NULL,NULL,NULL,NULL,NULL,NULL,NULL,NULL,NULL,NULL,NULL,NULL,NULL);
INSERT INTO TBL_IO_RUNTIME VALUES(10,0,1,NULL,NULL,NULL,NULL,NULL,NULL,NULL,NULL,NULL,NULL,NULL,NULL,NULL,NULL,NULL,NULL,NULL,NULL,NULL,NULL,NULL,NULL,NULL,NULL,NULL,NULL,NULL,NULL,NULL,NULL);
INSERT INTO TBL_IO_RUNTIME VALUES(11,0,1,NULL,NULL,NULL,NULL,NULL,NULL,NULL,NULL,NULL,NULL,NULL,NULL,NULL,NULL,NULL,NULL,NULL,NULL,NULL,NULL,NULL,NULL,NULL,NULL,NULL,NULL,NULL,NULL,NULL,NULL);
INSERT INTO TBL_IO_RUNTIME VALUES(12,0,1,NULL,NULL,NULL,NULL,NULL,NULL,NULL,NULL,NULL,NULL,NULL,NULL,NULL,NULL,NULL,NULL,NULL,NULL,NULL,NULL,NULL,NULL,NULL,NULL,NULL,NULL,NULL,NULL,NULL,NULL);
INSERT INTO TBL_IO_RUNTIME VALUES(13,0,1,NULL,NULL,NULL,NULL,NULL,NULL,NULL,NULL,NULL,NULL,NULL,NULL,NULL,NULL,NULL,NULL,NULL,NULL,NULL,NULL,NULL,NULL,NULL,NULL,NULL,NULL,NULL,NULL,NULL,NULL);
INSERT INTO TBL_IO_RUNTIME VALUES(14,0,1,NULL,NULL,NULL,NULL,NULL,NULL,NULL,NULL,NULL,NULL,NULL,NULL,NULL,NULL,NULL,NULL,NULL,NULL,NULL,NULL,NULL,NULL,NULL,NULL,NULL,NULL,NULL,NULL,NULL,NULL);
INSERT INTO TBL_IO_RUNTIME VALUES(15,0,1,NULL,NULL,NULL,NULL,NULL,NULL,NULL,NULL,NULL,NULL,NULL,NULL,NULL,NULL,NULL,NULL,NULL,NULL,NULL,NULL,NULL,NULL,NULL,NULL,NULL,NULL,NULL,NULL,NULL,NULL);
INSERT INTO TBL_IO_RUNTIME VALUES(16,0,1,NULL,NULL,NULL,NULL,NULL,NULL,NULL,NULL,NULL,NULL,NULL,NULL,NULL,NULL,NULL,NULL,NULL,NULL,NULL,NULL,NULL,NULL,NULL,NULL,NULL,NULL,NULL,NULL,NULL,NULL);
CREATE TABLE TBL_LOG (log_time timestamp, log_description text);
CREATE TABLE TBL_MD5_KEY(md5_id integer, md5_key text, unique(md5_id));
INSERT INTO TBL_MD5_KEY VALUES(1,123456789);
INSERT INTO TBL_MD5_KEY VALUES(2,123456789);
CREATE TABLE TBL_SYS(schema integer, amplitude text, voltage text, out_br text, in_zone text, out_zone text, leapsecond integer, ip text, mac text, mask text, gateway text, o_ppx_delay integer, o_irigb_delay integer, o_tod_delay integer, md5_enable integer, broadcast_enable text, broadcast_interval integer, v2_enable text, v3_enable text, v4_enable text);
INSERT INTO TBL_SYS VALUES(0,0,0,3333,'HHHH','HHHH',16,'192.168.10.99','00:0c:29:61:e3:aa','255.255.255.0','192.168.10.1',0,0,0,0,0,64,1,1,1);
CREATE TABLE TBL_USER(username text, password text, unique(username));
INSERT INTO TBL_USER VALUES('admin','admin');
INSERT INTO TBL_USER VALUES('zhangsan','zhangsan');
INSERT INTO TBL_USER VALUES('wangwu','wangwu');
CREATE TABLE TBL_VETH(v_port integer, v_ip text, v_mask text);
INSERT INTO TBL_VETH VALUES(1,'192.168.10.101','255.255.255.0');
INSERT INTO TBL_VETH VALUES(2,'192.168.10.102','255.255.255.0');
INSERT INTO TBL_VETH VALUES(3,'192.168.10.103','255.255.255.0');
INSERT INTO TBL_VETH VALUES(4,'192.168.10.104','255.255.255.0');
INSERT INTO TBL_VETH VALUES(5,'192.168.10.105','255.255.255.0');
INSERT INTO TBL_VETH VALUES(6,'192.168.10.106','255.255.255.0');
INSERT INTO TBL_VETH VALUES(7,'192.168.10.107','255.255.255.0');
INSERT INTO TBL_VETH VALUES(8,'192.168.10.108','255.255.255.0');
INSERT INTO TBL_VETH VALUES(9,'192.168.10.109','255.255.255.0');
INSERT INTO TBL_VETH VALUES(10,'192.168.10.110','255.255.255.0');
INSERT INTO TBL_VETH VALUES(11,'192.168.10.111','255.255.255.0');
INSERT INTO TBL_VETH VALUES(12,'192.168.10.112','255.255.255.0');
INSERT INTO TBL_VETH VALUES(13,'192.168.10.113','255.255.255.0');
INSERT INTO TBL_VETH VALUES(14,'192.168.10.114','255.255.255.0');
INSERT INTO TBL_VETH VALUES(15,'192.168.10.115','255.255.255.0');
INSERT INTO TBL_VETH VALUES(16,'192.168.10.116','255.255.255.0');
INSERT INTO TBL_VETH VALUES(17,'192.168.10.117','255.255.255.0');
INSERT INTO TBL_VETH VALUES(18,'192.168.10.118','255.255.255.0');
INSERT INTO TBL_VETH VALUES(19,'192.168.10.119','255.255.255.0');
INSERT INTO TBL_VETH VALUES(20,'192.168.10.120','255.255.255.0');
COMMIT;
